text,embeddings
"To reduce the environmental impact and climate footprint of the Paris 2024 Games, the Olympic venues served twice as much plant-based food as was available in London in 2012 and Rio in 2016.","[ 0.5045937   0.39773738  0.22999227 -0.11573222  0.18426391  0.20342727
 -0.12583248 -0.3119955  -0.08102428 -0.14133659 -0.3183717  -0.12159912
 -0.00455341  0.06261951  0.0788395  -0.5183455   0.24816611  0.01083804
 -0.07601674 -0.40629643  0.30986518 -0.3221379  -0.25554353  0.03517072
 -0.14901206  0.43530983 -0.16078225  0.418334   -0.252332    0.34014243
  0.05165029  0.125473   -0.32526892  0.37526202  0.32215127  0.2768181
  0.3783037  -0.32081443 -0.2978276   0.14404981  0.2598316  -0.17129473
  0.12657467 -0.18675351  0.28073472  0.14892063  0.04402689 -0.26051354
 -0.2141848   0.05028762  0.63432014  0.23954482  0.15159126 -0.01633488
 -0.12371467 -0.3310107  -0.14866087 -0.18353616  0.22385232 -0.15438235
  0.24281129 -0.2546657  -0.09460267  0.25065184 -0.26043367 -0.3115967
 -0.20782919  0.4892969  -0.24400826  0.01431556 -0.04649352  0.07407752
  0.34641033 -0.68935883  0.14695756  0.34372553  0.01827211 -0.315273
 -0.02040699 -0.14968199  0.47823387  0.00165511 -0.10136613  0.08794405
  0.12577403 -0.2922483   0.24615197 -0.35807303  0.16598482  0.07969451
  0.029717    0.07745326  0.575604    0.07731793 -0.31756476  0.3327375
 -0.28253132 -0.32546514  0.5636827   0.00243    -0.12062684  0.18078573
  0.2442178   0.20113477  0.04122292 -0.32661262 -0.44917664  0.2506253
  0.46883503  0.19025032 -0.49271315  0.00192477 -0.07699126  0.04766074
 -0.62112534  0.24814829  0.07958648 -0.12497386 -0.02553436  0.05257918
 -0.07485142 -0.1333572   0.04376887  0.16858713 -0.15791503  0.11529984
 -0.01621554 -0.01116532 -0.79924744 -0.60522765  0.23679642 -0.36130583
  0.01616323  0.00200025 -0.4372007  -0.06823252 -0.05805835 -0.19485554
  0.05066111  0.22230402 -0.26804033  0.5904741   0.55563086 -0.18885224
  0.5274743   0.21873966  0.34347257 -0.02841995 -0.07039919 -0.57124853
  0.44224316  0.29618835  0.22213829  0.35556975  0.13500638 -0.05153496
  0.05050372  0.1299897   0.10715751  0.09204207 -0.04374796 -0.16094679
 -0.28040665 -0.0448271  -0.33723915  0.00945138 -0.22042301 -0.02800188
 -0.04715662 -0.05285333 -0.01345768 -0.01413437  0.14320563 -0.05256905
  0.00457592 -0.3579224   0.31749815  0.21055898  0.11934088 -0.01078089
 -0.3274042  -0.0201296   0.01933302 -0.23226786  0.22255504 -0.01627437
 -0.18139227 -0.08241583 -0.3382019   0.31076223  0.02399386 -0.09948098
  0.4187159   0.33514714  0.21894582  0.03263778 -0.22796473 -0.06560628
 -0.377394    0.20446523  0.03540249 -0.18143135 -0.3634369  -0.04666452
  0.17245892 -0.16419493 -0.07587628  0.20531607 -0.0076821  -0.17361605
  0.11943841  0.21902284 -0.20732352 -0.00167756  0.24247622  0.31728718
  0.4235192  -0.23735735 -0.44103247 -0.08100419  0.03502129 -0.06710233
 -0.04280113 -0.06907825  0.07724331 -0.04428788  0.04160021  0.17177938
  0.23354144  0.16996339 -0.3791154  -0.22449072  0.03096118  0.25181007
 -0.16101606  0.04738868  0.5046274  -0.18753001 -0.71670425  0.19371822
 -0.06937838  0.15399519 -0.08920733  0.2280993  -0.09606995  0.21183546
  0.08517426  0.11201074 -0.756121   -0.27888888  0.05125998 -0.3913703
 -0.18348919 -0.12406459 -0.29097742  0.27002272 -0.04641945 -0.11246834
  0.308322   -0.10667805  0.12487479 -0.29911512 -0.22864203  0.31984988
  0.37875882  0.09072202 -0.3251566   0.15642068  0.2897752   0.33377424
 -0.13315617 -0.2868858   0.2534051  -0.25725192  0.03412362 -0.32687962
 -0.60726464  0.12719736  0.22389667 -0.16285308 -0.03808401  0.17760675
 -0.44550595  0.34954092  0.02805775  0.05941173 -0.01449146  0.14076993
 -0.0958456   0.00799135 -0.02235268  0.36201867 -0.05724459  0.387193
  0.15670612  0.29500064  0.3686183   0.20369124 -0.370587   -0.08029285
 -0.02097009  0.22302487  0.08856019  0.23957154 -0.10100614  0.11436059
  0.01509364  0.04972086  0.2235626  -0.05851746 -0.14497541 -0.2307307
 -0.08366763  0.41873083  0.16519006  0.05240731 -0.06689651 -0.22325897
  0.03944559  0.10658862  0.02374359  0.04227299  0.22932276  0.08982
 -0.37083426 -0.38052654  0.28172082  0.2366865   0.20419733 -0.16107023
 -0.12881821  0.2499403   0.01802217 -0.10980697 -0.19660635 -0.04842327
  0.4043704   0.2847507  -0.03432741  0.27022058 -0.13264187  0.31964263
  0.3481977  -0.01802486 -0.06846094 -0.31114048  0.21101637  0.12606977
  0.11777882 -0.26124144 -0.14999816 -0.26663023 -0.21727343 -0.04403221
 -0.15407176 -0.23797722 -0.13023497  0.11410809 -0.32198837 -0.33594465
 -0.15571272 -0.39682359 -0.35178924  0.01332015 -0.04771791  0.46752357
 -0.28442937  0.33932418 -0.10754178  0.15112412 -0.3475475  -0.09979514
  0.10352309 -0.17945217  0.2096036  -0.00390718 -0.14821991  0.20064779
  0.40699345 -0.07476711 -0.5594057  -0.37973005 -0.35633308  0.10939761]"
Vegan chicken nuggets and vegan hot dogs were offered instead of meat-based varieties.,"[ 0.05397847  0.14624827  0.14192568  0.28393126  0.19958423 -0.3082033
 -0.520528   -0.60773444  0.25403252 -0.46178576  0.32853052 -0.00569408
  0.082062   -0.58781224  0.5030385  -0.25586665  0.2190879   0.34561977
  0.47836086  0.24949946 -0.8313198  -0.42819688 -0.18572706  0.36548087
  0.10855818 -0.49346274 -0.3391057   0.10982091 -0.16043188  0.42113197
  0.50044256  0.20891486 -0.6475241  -0.05490231 -0.07293418 -0.25482413
  0.31332496 -0.07708881 -0.21299058  0.0575001   0.03786989  0.02384702
  0.48585072 -0.540627    0.2396215   0.3669327  -0.29865113 -0.28557587
 -0.05916571 -0.6584269   0.2670581   0.15337405 -0.3320956  -0.35564488
 -0.02085037 -0.21072079 -0.03980999  0.05949625 -0.2667791   0.15842557
  0.02850314 -0.1779548   0.15887117 -0.01043161 -0.11589942 -0.23137635
 -0.32248214  0.5580111   0.14729959  0.29147613  0.2029768  -0.04437554
  0.20317847  0.4709056  -0.12007492  0.26925153  0.34424406 -0.1600284
  0.17434052 -0.07503419 -0.6767676  -0.00271403 -0.05587662 -0.11027575
 -0.20634714 -0.08618362  0.02994666 -0.03809011 -0.31875685 -0.11340174
  0.5895528  -0.16961244  0.1752657  -0.18671824  0.47629392 -0.35964596
 -0.03383066  0.07932878 -0.39558017 -0.11261015  0.08741326 -0.1095038
 -0.15584542 -0.08469602  0.15005483 -0.5134565  -0.46307814 -0.05891674
  0.35668376 -0.23197056 -0.06685506  0.19632934 -0.43078616 -0.54140157
 -0.83363897 -0.33824584 -0.00393449 -0.17807864  0.16285415 -0.07372952
  0.20744134 -0.2631451   0.4774417  -0.11451226  0.04220502 -0.08980758
 -0.39836752  0.29230672 -0.37874785 -0.28649214  0.18443936 -0.37785035
  0.6079416  -0.1982159   0.18412985 -0.44528714  0.21450669  0.24310945
  0.09102982  0.00915121 -0.28242114  0.30796564  0.40950975 -0.33143723
 -0.13348365 -0.26758593  0.36665496 -0.25684416  0.0598451   0.20624237
  0.58119565  0.21644983  0.13936636 -0.16333868  0.01846374  0.07966057
 -0.482631   -0.0634777  -0.38720065  0.39492962  0.33373109 -0.10009994
  0.13586055  0.04108259 -0.03080764 -0.41521367 -0.21581182 -0.14017402
  0.8559443   0.17476393  0.07980159  0.25078928 -0.12030122  0.2604418
 -0.18916568 -0.18370056 -0.5323597   0.23579274 -0.02658318  0.00612457
  0.06847684 -0.37468147 -0.21297264 -0.5244579   0.4013664  -0.12480391
 -0.21310025 -0.28261012  0.00102072  0.22878855  0.23213881 -0.5077329
 -0.39732778  0.4547144   0.14596333 -0.24082309 -0.04359544  0.12138653
  0.33293083 -0.322819   -0.22503541 -0.43339765  0.183589    0.10175343
 -0.29596767 -0.63608074 -0.04631847 -0.37136695  0.5750968   0.2430947
 -0.44748116  0.65693945 -0.16042541  0.41043547 -0.18689273  0.00813564
  0.8793783  -0.24636975  0.1167219   0.29369274  0.37261283 -0.6826305
 -0.32206264 -0.01165276 -0.02972179 -0.05752993  0.00674462  0.5948825
  0.4367119   0.00249681 -0.1649651  -0.03013857  0.1000186  -0.15462412
  0.04697368 -0.21037197  0.34858888  0.1139045   0.47717097  0.39779386
 -0.80045325 -0.01955464 -0.204823   -0.07298711 -0.23243779 -0.2918104
 -0.09847459  0.77699417 -0.00863199  0.00977484 -0.40951097  0.510963
  0.5567985  -0.34063804  0.06926741 -0.24179722  0.31587788 -0.04625232
  0.41466063  0.24612583  0.6618396   0.44978458 -0.26999733  0.0838498
 -0.13006984 -0.20806374 -0.24443239  0.4772618  -0.03247144  0.01599449
 -0.16915105 -0.01896603  0.2054855  -0.13860956  0.25960216 -0.12970598
  0.0636463   0.28959802 -0.55522776 -0.12924446 -0.23555607  0.1218868
 -0.47041893  0.5362947  -0.12864427 -0.2956829   0.0663558  -0.234155
  0.19619517 -0.07458472 -0.06821396  0.17760497 -0.31763393 -0.19424139
  0.08488218  0.28140056  0.36578128 -0.19938126 -0.10837627  0.11556116
  0.06568935 -0.06845584  0.41021574  0.0899721   0.21495165 -0.18661833
  0.20340018  0.24733995 -0.19554643 -0.13230242 -0.19615525  0.19284552
  0.07406464  0.63599706  0.43556306  0.00468937  0.6910667   0.66293484
 -0.35790083  0.04588938  0.34155598 -0.10838365  0.1903751   0.02241399
 -0.44369614  0.2443543  -0.09897953 -0.48693302  0.43395332  0.06984229
 -0.19433688  0.52892536 -0.15275516 -0.25205    -0.35562953  0.34874237
  0.32889378 -0.03400123  0.3621737   0.4010236  -0.03874466  0.7756266
 -0.1543436  -0.16711697 -0.09283409 -0.18131068 -0.23228937  0.5470537
  0.35688555  0.10235792  0.06535528  0.08990562 -0.2330094  -0.06610803
  0.47070035  0.03098965 -0.6906706  -0.04803783  0.61100674 -0.7545521
 -0.36364728 -0.2922535  -0.21297906 -0.24283813 -0.26370642 -0.18927145
 -0.51568025  0.03865509 -0.20308451  0.3867634   0.00807813  0.06030427
 -0.25399438 -0.2872806   0.10634208 -0.21806397  0.08282321  0.21032177
  0.7022739   0.0961194   0.0685005  -0.80298704  0.35569736  0.38126042]"
"Venues for spectators served, on average, two-thirds plant-based meals.","[ 0.6095388  -0.00456233  0.14338146 -0.05232195  0.04571349  0.16846652
  0.15426083 -0.06016644  0.34629682 -0.08218364  0.05549403 -0.03425648
  0.06444958 -0.1658966   0.33688197 -0.6346702   0.6678687   0.02175048
  0.30520132  0.07988788 -0.3069104  -0.42691162 -0.2624246   0.23847225
  0.6355412   0.13671319 -0.26240146  0.4916533  -0.57154584 -0.19882852
  0.02536047  0.19127548  0.16229218 -0.13434689 -0.44153246  0.24926718
  0.139657   -0.45605326  0.0351852   0.23784678 -0.12574579  0.21728142
  0.38361916 -0.32244244 -0.10284977  0.01266402 -0.30950773  0.18654074
 -0.0151573   0.0674666  -0.23903269  0.6170692   0.28048468  0.11426695
 -0.11998284 -0.68238455  0.35947132  0.59423417 -0.19404405  0.67107105
  0.26475975 -0.50292766 -0.19135985  0.25834584 -0.22749506 -0.3676786
 -0.48949495  0.3017221  -0.21399085 -0.00398749 -0.11230657  0.12218198
  0.47711265 -0.47049734  0.00333173 -0.07011345 -0.19036506 -0.42273217
  0.03263405 -0.13367178  0.20973894  0.18267472 -0.39572415 -0.25496477
 -0.4652926  -0.59446365  0.01285626  0.17465855  0.21359451  0.03713092
 -0.13895182  0.5416879   0.22506468 -0.10201904 -0.16692458  0.23859072
 -0.24346365 -0.17856589  0.18367821  0.39410883  0.24284922  0.21632256
  0.33113316  0.01557824  0.56471103 -0.4074716  -0.6028753   0.02464464
  0.22928725  0.43241212 -0.49265733  0.75408566  0.12274764 -0.19536561
 -0.48891693  0.38509122  0.6689442  -0.21373193  0.7275087  -0.43270496
 -0.18718614  0.27042043  0.05277377  0.10025647  0.0384881   0.10779443
 -0.00672938  0.33775213 -0.5746851  -0.42217365  0.05434208 -0.364689
  0.25235072 -0.39217985 -0.42925987 -0.14366162  0.31500074  0.03257276
  0.4577252   0.20111538  0.12719475  0.0572653   0.3391939  -0.11175137
  0.1372791   0.63393766 -0.10668942 -0.26881298 -0.4518848  -0.5040665
  0.39357638  0.24263027  0.13642675 -0.40859357  0.38652867  0.01579323
 -0.21748032  0.02532118  0.6296854   0.20392038 -0.02080702 -0.33001518
 -0.11523884 -0.12581702  0.12199911  0.04015929  0.01381444 -0.0638357
 -0.08722323  0.05345973  0.12315737 -0.10855725 -0.5742426   0.25690654
 -0.32725704  0.00912669 -0.11255251  0.1763703   0.16154276 -0.01254348
  0.1534164   0.3708577   0.11279229 -0.02548507  0.21699601 -0.02770137
  0.07368782 -0.08368431 -0.01693698  0.00806955 -0.00507109 -0.6384388
 -0.16327794  0.11357575 -0.13220042 -0.09372879  0.3212458   0.13275832
  0.2684095  -0.05570352  0.2203818  -0.38658026 -0.11090474 -0.08040435
 -0.11569355 -0.13497168  0.0271545  -0.18186992  0.31676194  0.0395988
  0.04769032  0.02232955 -0.5128749   0.3263952   0.13085867 -0.2366342
 -0.14093842  0.26689115 -0.06195527  0.07216949 -0.12410339 -0.06566951
 -0.14467092 -0.29356804 -0.16603652  0.20727311 -0.524904   -0.02302087
  0.4410913  -0.27263626 -0.41531932 -0.08613349  0.2553301   0.3506801
 -0.5062138   0.05046316  0.42686978  0.0762721  -0.26698643  0.24458939
  0.5997346   0.11970139  0.0571341   0.30243653 -0.17545864 -0.30775407
  0.22049151  0.37469706 -0.2727165   0.16326363  0.10166604 -0.47742558
 -0.7320234  -0.37323815 -0.0474631  -0.60949266 -0.19415711 -0.05706876
  0.21309459 -0.01159055 -0.34542432 -0.21042095 -0.6319755   0.5741112
  0.45486498 -0.06220329 -0.29009998  0.24277881 -0.18485063 -0.2152808
 -0.45828158 -0.21874486 -0.00944724 -0.20447555 -0.38323438 -0.46434465
 -0.29840863  0.02297786 -0.24821933  0.00327266  0.02212804  0.22660711
  0.01280122  0.44276348  0.09830492  0.14685681 -0.43878344  0.16935232
  0.3052583   0.33425197 -0.08983441  0.23244636 -0.22644462  0.3784562
 -0.20713395  0.16295277  0.5426178   0.07525808 -0.3204946   0.29106295
  0.08806252  0.42101887 -0.172118    0.22607732 -0.30287805  0.253657
 -0.08848125 -0.10521252  0.44500834 -0.15722767  0.18108653 -0.14807948
 -0.11157061  0.7620306   0.09100026  0.21099776  0.72376275 -0.30693397
  0.4816109  -0.08638634 -0.12554856 -0.25547892 -0.02791246  0.12935637
 -0.28963748 -0.40048224  0.09882745 -0.35458064  0.02943617  0.37813622
 -0.03280656  0.04109259  0.3843834   0.00549261  0.12171503 -0.3787145
  0.15954202  0.09683161 -0.5255103   0.09753887  0.05285138  0.02335595
  0.3225103  -0.16066298  0.07790565  0.40023723 -0.09614445 -0.021541
  0.2778568  -0.28864303 -0.22195983 -0.0916543  -0.40120935 -0.11401461
  0.21909568 -0.09554869 -0.47626638 -0.40292343 -0.45894113 -0.07310875
 -0.44496092 -0.66060555 -0.09923972 -0.09253389  0.19758937  0.41571757
 -0.32910421  0.4610777  -0.03382527  0.15984899  0.00597323 -0.01326408
  0.32732567 -0.2676407   0.12195399 -0.14401168  0.4789973   0.40054992
  0.5270593  -0.16102248 -0.05117553  0.14252606 -0.33527184  0.15057279]"
"The Place de la Concorde, which hosted the skateboarding, breakdancing, and BMX events, served only plant-based food.","[ 4.28246081e-01 -1.95447952e-02  5.90514727e-02  1.10994941e-02
 -3.50966230e-02  3.05894911e-01  1.14336479e-02  1.75894108e-02
 -2.72433817e-01  8.24497119e-02  2.75268942e-01  3.73553127e-01
  2.01758653e-01  1.26543254e-01  3.72829318e-01 -1.53865322e-01
  3.81147563e-01  8.13553401e-04 -1.06320068e-01  1.23065999e-02
  1.97542444e-01 -2.81250745e-01  1.35111228e-01  2.61139125e-01
 -4.98499423e-01  3.43605161e-01 -1.76861793e-01  4.28200006e-01
 -2.63171852e-01  3.26327756e-02  1.30411357e-01  5.44599593e-01
  5.41171193e-01  8.37210640e-02  3.95381927e-01 -4.11121063e-02
 -2.26535145e-02 -4.76484925e-01  1.70658389e-03 -5.28176688e-02
  1.23087756e-01  8.52472112e-02 -6.30717874e-02  7.93450102e-02
  6.20401986e-02  1.56209663e-01  2.90740848e-01 -2.88826674e-01
  2.39073066e-03 -3.39249581e-01  6.93169773e-01  1.83274567e-01
  2.85130084e-01 -5.66335440e-01  1.19106755e-01  1.27828434e-01
  3.92393209e-02  1.69273436e-01  3.29476237e-01  5.51493585e-01
  3.11011285e-01 -2.73767024e-01 -3.35047930e-01  2.72919834e-01
 -2.37938426e-02  8.28719810e-02 -5.05454898e-01  4.98878181e-01
 -3.21037203e-01  1.59306958e-01 -6.26114085e-02 -8.35357755e-02
 -1.95197407e-02  9.71023515e-02  1.94058686e-01 -6.05605654e-02
  6.96271062e-02 -6.62180603e-01 -6.82823062e-01 -1.63777024e-01
 -3.16626161e-01 -2.24591628e-01 -2.83167809e-02 -3.56323533e-02
 -3.07836533e-01 -5.89703679e-01  1.38362333e-01  3.05906802e-01
  3.33848387e-01 -1.37116551e-01 -4.49571848e-01  4.07290459e-01
 -4.44823839e-02 -1.33225828e-01 -5.80652952e-01 -3.52292985e-01
 -3.92312497e-01 -2.97246754e-01  2.17835486e-01 -2.19156608e-01
  1.48880780e-01  4.52137917e-01  1.69542193e-01 -6.32637218e-02
  2.32380018e-01 -5.07335424e-01 -2.50113875e-01  1.79615512e-01
  1.25040889e-01  5.30139267e-01 -1.66743293e-01  2.32489333e-01
  4.31220829e-01  1.63502112e-01 -5.51094055e-01  4.99569505e-01
  4.26009893e-01 -1.65809542e-01 -3.96117233e-02 -3.42334419e-01
 -1.56892911e-01  1.00051938e-02  3.98071706e-01  4.46177162e-02
 -4.53160882e-01 -3.55330676e-01 -9.16405171e-02  3.92765045e-01
 -5.05013764e-01 -3.50752771e-01  1.49888039e-01 -1.85381860e-01
  5.82295835e-01  1.10708557e-01 -3.33776116e-01 -1.52239688e-02
  2.01341718e-01  2.19211549e-01  6.72964752e-01 -4.44492977e-03
 -6.63775429e-02  5.51189482e-02  3.43630433e-01 -3.29213649e-01
 -4.69954014e-02 -1.09445103e-01 -1.79344758e-01 -1.07233204e-01
 -1.43672198e-01 -1.87336251e-01 -1.55575871e-02  2.75420815e-01
 -1.85500644e-02  3.72070074e-01  1.86114952e-01  2.90936045e-03
  3.41091126e-01 -4.23465297e-02  1.17161453e-01 -3.90239283e-02
 -1.76900402e-01 -1.75959840e-01  3.20027381e-01  9.10400823e-02
  4.64650542e-02 -2.34493360e-01 -2.92451501e-01 -8.33443105e-02
 -5.10155223e-02 -3.41676921e-01  5.52042186e-01 -1.39088064e-01
 -2.51026899e-01  1.35102980e-02 -2.83363998e-01 -3.26450765e-01
  1.34796992e-01 -5.09774275e-02  4.08635214e-02  2.68007904e-01
  2.88043786e-02 -2.34055981e-01 -2.34228998e-01 -2.13359147e-01
  4.53879833e-02 -5.89061566e-02 -2.14966610e-01 -9.27846059e-02
  3.21448296e-01  2.10201696e-01 -3.88267636e-01 -2.48772740e-01
 -3.08523208e-01  1.71864972e-01 -2.19820514e-01  9.33309942e-02
  3.24683517e-01 -3.26365270e-02  1.00721188e-01 -2.29174241e-01
  3.58290702e-01 -1.27375796e-01 -9.62515548e-02 -1.67020294e-03
 -3.53228420e-01 -3.50199759e-01 -2.96788782e-01  1.89158996e-03
  5.78441285e-02 -2.61064589e-01 -6.00349084e-02 -1.71805099e-01
 -2.94342279e-01  1.03724852e-01  1.81464970e-01  6.38052002e-02
  9.60563868e-02  4.02408838e-01 -7.85735011e-01 -2.67641157e-01
  1.01437010e-01 -1.52646273e-01  2.71968991e-02 -2.74244666e-01
 -3.76320124e-01  1.45125881e-01 -7.73549601e-02  6.57384470e-02
  3.11676532e-01  7.74859414e-02 -2.16857150e-01 -3.45323682e-01
 -2.01003969e-01  2.33808011e-01 -4.39912640e-03 -9.70805511e-02
  2.23241955e-01  1.50762185e-01 -1.39260203e-01  4.13497686e-01
 -2.74667237e-02  5.33513367e-01 -1.96119979e-01  3.73488367e-01
 -4.87227708e-01  2.26216748e-01  6.23581111e-02  5.01813531e-01
  1.93407893e-01  4.13972825e-01  1.85955599e-01  3.79049301e-01
  1.63325325e-01  3.35695833e-01 -1.84391886e-02 -1.69478133e-01
  7.28111202e-03 -2.43804678e-02  1.57408804e-01  4.75346297e-01
 -4.02044982e-01 -4.49307710e-01 -6.09779179e-01 -1.99804634e-01
  2.17479244e-02 -7.17058256e-02 -3.53402853e-01  5.42733788e-01
  6.17466681e-02 -1.67655513e-01 -3.91000539e-01 -8.46781209e-02
 -1.24081321e-01 -2.35727996e-01 -6.62724674e-02  1.39626503e-01
 -1.96733519e-01 -2.72048265e-01  2.65570194e-01  1.94801375e-01
 -1.18248895e-01  2.82490611e-01 -1.65054977e-01 -5.58018461e-02
 -1.32386059e-01  7.50980973e-02 -1.27140388e-01 -2.02190652e-02
  2.47952208e-01 -1.63625523e-01  1.40333697e-01  4.39295799e-01
  1.53833866e-01  1.36371359e-01 -9.16078910e-02  1.04265106e+00
  3.89464200e-01  2.48504966e-01 -3.48112315e-01  5.70217967e-01
  3.39902826e-02  3.58965427e-01 -3.86342973e-01 -2.09935769e-01
 -1.13950223e-01  2.33898312e-01 -9.40884277e-02 -5.90744987e-02
  8.18397924e-02 -3.16090554e-01 -3.53821993e-01  1.00267800e-02
 -3.35217640e-02  4.28524882e-01  3.94054115e-01 -1.00301653e-01
  1.52208284e-01  3.15737575e-01 -1.19627848e-01 -1.89526379e-01
 -2.48317681e-02 -1.86896384e-01  1.20637268e-01  3.13500315e-01
 -1.39960691e-01  6.10052459e-02  7.52165735e-01 -4.50183183e-01
  9.27130207e-02  3.70241076e-01 -4.16026294e-01 -1.52489588e-01
  1.68079600e-01  1.52317420e-01 -2.21236318e-01 -3.72884348e-02
  5.64213276e-01  3.26813728e-01 -3.51508170e-01  7.44077787e-02
 -3.59129876e-01 -3.25851329e-02  7.21231550e-02  1.14132114e-01
 -3.88790667e-01 -1.33495122e-01  1.90318018e-01 -7.90173635e-02
  3.50423574e-01 -2.49568760e-01  3.75389218e-01 -2.37683356e-01
 -2.02080775e-02  2.26037130e-01 -9.02848691e-02 -2.32242763e-01
 -3.95523101e-01 -1.37133315e-01 -2.36466318e-01  6.91481531e-02
 -3.31643373e-01 -3.47354501e-01 -4.70175028e-01  1.62849650e-01
  6.13580272e-02  1.34460077e-01 -7.55789876e-01  7.60034621e-02
 -7.29175955e-02  3.99915457e-01 -4.81901206e-02  2.38077864e-01
  1.54098049e-01 -1.73960790e-01  3.58213544e-01  9.03130323e-02
  3.06232199e-02  3.88274640e-01  2.24428028e-01 -1.57298446e-01
 -6.09170437e-01  1.22818224e-01 -2.75153995e-01 -2.30823666e-01]"
"The football stadiums provided 40% plant-based options, and about 30% of the meals served to athletes in the Olympic Village were plant-based.","[ 8.52343321e-01  3.37328613e-01  2.00125426e-01 -2.23221868e-01
  3.51658076e-01 -1.71147764e-01  1.36619136e-01 -2.34971896e-01
 -1.04412965e-01  2.97299117e-01 -1.87394947e-01 -9.85804722e-02
  1.04290649e-01  1.24977179e-01  2.41544783e-01 -6.95648640e-02
  4.48076606e-01 -5.31751998e-02 -4.92369570e-02  5.67645654e-02
 -1.21351615e-01 -3.85616958e-01 -1.67377263e-01  2.49174982e-01
  8.24394636e-03  3.58150065e-01 -2.00182825e-01  6.76138818e-01
 -2.74771273e-01 -1.50969863e-01 -2.12547123e-01  2.29263663e-01
  3.33851546e-01  1.05044708e-01  2.21954286e-03  3.84751439e-01
  1.79399282e-01 -5.04370093e-01 -2.03202307e-01  3.38856220e-01
  2.01855600e-02 -4.01503503e-01  2.40918905e-01  1.70106784e-01
 -2.63087898e-01 -4.61327806e-02 -5.56369536e-02 -2.99167573e-01
 -2.44046330e-01  8.36289600e-02  1.17165036e-01  2.96153456e-01
  1.87100321e-01 -4.15108502e-01  8.25464725e-04 -3.98031026e-02
 -1.44636989e-01  5.50016500e-02  6.38140887e-02  3.47318053e-01
  2.09286511e-01 -2.35864431e-01  2.69597083e-01  9.69714597e-02
 -7.05891922e-02 -5.64451158e-01 -3.57505828e-01  4.73029137e-01
 -2.54496843e-01 -9.70020741e-02  4.20485198e-01 -1.49280056e-01
  4.43914175e-01 -8.37484002e-01  1.20689660e-01  2.66733259e-01
  1.17257088e-02 -1.75898701e-01 -6.51457608e-02 -1.39280856e-01
  2.34686941e-01  9.19185728e-02 -5.13079464e-01 -8.94176587e-02
  1.14286477e-02 -2.87704021e-01  2.10325360e-01 -1.46022499e-01
  1.38754576e-01  3.15907747e-01  3.94025594e-02  7.93706626e-03
  3.18364978e-01 -3.54671329e-01 -5.11632673e-02  3.31896842e-01
 -8.03478584e-02 -1.42726481e-01  9.78969485e-02 -3.55846807e-02
 -1.62243098e-01  5.97768724e-02  8.89804587e-02 -2.19407037e-01
 -1.24388695e-01 -5.73756695e-01 -8.12747478e-01  3.59895945e-01
  2.37600625e-01  2.91144907e-01 -2.43011788e-01  4.59259719e-01
 -1.07351691e-02  3.12874854e-01 -7.39207625e-01  4.16765809e-02
  2.10790828e-01 -3.25982064e-01  1.87332943e-01 -1.10778071e-01
  3.65789413e-01 -1.40640542e-01 -2.74209619e-01  3.01476955e-01
  1.02126271e-01  1.53414637e-01 -5.15115380e-01  5.80005981e-02
 -9.12935287e-02 -2.37671182e-01  5.27623817e-02 -7.75424689e-02
  1.65447995e-01 -2.25848496e-01 -4.27710593e-01  2.11043879e-02
  1.22574590e-01 -1.11564837e-01  1.57791406e-01  4.13565993e-01
  5.47901541e-03  1.89706028e-01  7.00226307e-01 -4.21474129e-01
 -3.42702031e-01  2.87326455e-01 -1.99645907e-01  9.69401076e-02
 -1.61231220e-01  2.77667381e-02  3.11563224e-01  3.35700035e-01
  2.03938007e-01 -4.12010737e-02 -7.29694143e-02 -1.64187580e-01
 -2.86951602e-01  5.88396713e-02  9.97097641e-02 -4.76710349e-02
 -2.79867709e-01  1.48504376e-01 -1.81946605e-01 -1.45879835e-01
 -3.82259220e-01  1.23979747e-01 -7.31171370e-02  2.14143753e-01
  3.27192321e-02  9.70738307e-02  2.19569504e-01 -3.18265632e-02
  7.85164386e-02  2.88738191e-01  2.05107987e-01 -3.28041643e-01
  2.08501101e-01  2.68511236e-01  1.52699566e-02  1.23320639e-01
  4.23142686e-02 -1.38090611e-01  1.68697312e-01 -2.48434216e-01
  3.94431651e-02  1.13457404e-01 -2.45227158e-01 -2.92152762e-01
 -3.13989341e-01 -1.04191244e-01  2.32973948e-01 -1.97588444e-01
 -5.64241186e-02  5.43952957e-02 -3.91387828e-02 -5.42047955e-02
  3.74540567e-01  9.37825814e-02  3.48347247e-01  2.70360529e-01
 -7.28252679e-02 -9.38695669e-02 -3.72125268e-01  1.81875736e-01
  9.94243771e-02  1.10967606e-01 -4.63297486e-01 -1.60838142e-01
  1.56938553e-01 -7.91973323e-02 -2.08240271e-01  3.95531744e-01
  3.07672799e-01  3.53159398e-01  5.64616799e-01  2.42569268e-01
 -1.33289114e-01 -3.26650500e-01  7.21532553e-02  4.33262512e-02
  2.29017362e-02 -3.51288497e-01 -3.46657574e-01 -1.54825300e-01
 -1.15181327e-01  9.29443017e-02  9.75479335e-02 -1.29329532e-01
  6.63929358e-02 -1.05113082e-01 -1.71193421e-01 -2.03503385e-01
  7.64380097e-02  3.84580344e-01 -5.93677580e-01  5.87532043e-01
  1.65239677e-01 -1.07146949e-01 -9.05089498e-01  1.85407877e-01
  5.70534319e-02 -3.87421846e-02 -1.99648976e-01  2.14164913e-01
 -2.01132029e-01  5.07099271e-01  4.59279716e-01  3.81423742e-01
 -2.94685185e-01 -5.52195460e-02 -1.03460595e-01 -2.59490162e-01
 -2.15068460e-01 -6.25461489e-02 -3.43711495e-01 -2.79318929e-01
  8.95730704e-02  3.08637410e-01  4.18792844e-01 -1.04338229e-01
  6.02986962e-02 -2.66106546e-01 -1.89120378e-02  3.20239246e-01
  2.21968606e-01 -4.54419672e-01 -2.98275650e-01  3.19665551e-01
 -1.11527815e-02  1.13166377e-01 -2.31694669e-01 -2.96039939e-01
  1.09475136e-01 -1.14134550e-01 -4.04054634e-02 -1.58684120e-01
 -2.77957886e-01 -9.47601423e-02 -2.02556327e-02 -4.20977712e-01
  1.11606367e-01  1.45718217e-01  1.46291643e-01  2.57477939e-01
  5.09349741e-02  1.14235178e-01 -1.98141038e-01  1.64880320e-01
 -6.09682053e-02  8.57990980e-02 -2.22025067e-01  9.32265222e-02
 -3.10648531e-01  3.83933157e-01 -2.64007211e-01  2.15964317e-01
  1.66672692e-01  2.24672303e-01 -6.70004845e-01  4.04825002e-01
  1.44495934e-01  2.59388089e-01  1.49629623e-01  1.38790280e-01
 -3.44857723e-01 -5.70757724e-02 -1.25748143e-01  1.05753168e-03
  6.13913476e-01 -1.67371154e-01  7.71403164e-02 -1.43654123e-02
 -6.80661500e-02  5.77724159e-01  1.23417594e-01  3.84070218e-01
  3.07858467e-01  1.43396765e-01  1.49805784e-01  9.09636915e-03
  3.09787318e-03 -2.12237984e-01 -3.67409550e-02  4.35846239e-01
 -3.04535162e-02 -3.05254847e-01  7.60067701e-02 -8.08969438e-02
  4.75860775e-01  3.19993317e-01 -1.87801197e-02  2.73800075e-01
 -1.41293585e-01 -1.86281689e-02 -1.62974037e-02 -3.01063299e-01
  1.92254499e-01  4.32748497e-01 -2.69044578e-01  1.61659420e-01
 -2.12835997e-01 -6.11460209e-02 -2.16528654e-01  5.61199337e-03
 -1.00147970e-01 -2.77710259e-01 -1.69413537e-01  2.71681324e-02
  1.42420366e-01 -4.40681398e-01 -1.51218086e-01 -1.81133658e-01
 -4.31471288e-01 -1.66478723e-01 -1.25522107e-01  5.70419133e-02
 -1.81040123e-01 -1.77853465e-01 -3.76367927e-01 -4.66787100e-01
 -1.31616667e-01 -4.15969133e-01 -4.09552991e-01 -1.34450272e-01
  1.27055705e-01  1.12038545e-01 -3.44328165e-01  5.86647749e-01
 -1.32631674e-01 -1.68450147e-01 -2.37663090e-03  2.59955674e-01
  5.18521108e-02 -2.85447747e-01  1.61559522e-01  8.99926275e-02
 -3.44658829e-02  3.85195911e-01  7.65403509e-01 -3.30120564e-01
 -4.47931886e-01  3.91096532e-01  7.06827193e-02 -1.12917632e-01]"
"An estimate indicated that 13 million meals would be served at the Games, with around 40,000 meals each day, including 1,200 Michelin-starred options.","[ 2.52135813e-01  1.70490697e-01  1.06673725e-01 -2.81007737e-01
 -4.42430139e-01  9.52187255e-02  1.75596446e-01 -2.35122576e-01
  2.37505689e-01 -3.28380436e-01 -3.19620430e-01 -6.84851632e-02
 -9.85779762e-02 -4.12257403e-01  9.89534780e-02 -4.36977565e-01
  6.05186522e-01 -5.04684746e-01 -6.75787255e-02 -1.18486978e-01
  7.15277111e-03 -1.72316521e-01 -2.07999676e-01  5.55184036e-02
  3.59976470e-01  1.56257614e-01  8.69824439e-02  3.75284940e-01
 -3.65411431e-01  6.94849491e-02 -1.12702899e-01  1.69975627e-02
  4.08434495e-02 -2.61938065e-01  4.04411405e-02  4.56270725e-02
  1.74824089e-01 -5.17820418e-01 -2.53924608e-01  1.03946932e-01
  1.67485341e-01  1.99372843e-01  8.36053193e-02 -4.51358110e-01
 -6.07789457e-02 -1.71735987e-01 -5.82917452e-01  2.57899314e-01
 -1.24610625e-01  4.57222849e-01 -1.12799071e-01  5.91718972e-01
  3.69337618e-01  4.76646364e-01  2.84198076e-01 -3.33296865e-01
  5.03020138e-02 -2.03765169e-01 -1.93290040e-01  2.59950638e-01
  2.78014671e-02 -3.81857067e-01  4.44541395e-01 -8.63067880e-02
  1.48584902e-01 -1.23102844e-01 -2.54005909e-01  2.28719056e-01
 -3.65749747e-01  3.25945914e-01 -4.11826849e-01  2.64135771e-03
  8.47569168e-01 -5.80672681e-01  1.33603871e-01  8.87863040e-02
  1.31171688e-01 -5.84648430e-01 -1.47248298e-01  4.51061688e-02
 -1.46426961e-01 -3.78529876e-02  1.98090360e-01  1.56212240e-01
  1.05283007e-01 -3.63861561e-01 -1.36124417e-01 -1.32794939e-02
  2.28125080e-01  4.27186906e-01 -3.26566428e-01  2.74603635e-01
  2.46168464e-01 -2.65505612e-01 -9.03221369e-02  1.82187051e-01
 -4.76044148e-01 -2.63595045e-01  7.15284348e-02  4.23316956e-01
 -1.00648060e-01  2.48961523e-01  3.96535009e-01 -2.71500081e-01
 -8.04968625e-02 -3.69215280e-01 -4.70937401e-01  6.40181676e-02
 -4.54164296e-02  5.47484756e-02 -4.05404508e-01  4.25510943e-01
  2.10428685e-01 -2.22463816e-01 -2.45622247e-01  2.79504322e-02
  3.83153707e-01  1.21765018e-01  3.39540958e-01 -1.96923971e-01
  3.61985028e-01  1.77543312e-02 -1.69796254e-02  2.73964554e-01
 -2.37360105e-01  3.28238010e-01 -1.11633658e-01  1.12230055e-01
 -3.78908753e-01 -2.07135960e-01  2.65294373e-01 -6.73221648e-02
  2.68045962e-01 -3.19861360e-02 -2.41009310e-01  1.14513285e-01
  1.11681275e-01 -4.86088544e-02 -3.06811463e-02  1.75572187e-01
  4.85940091e-02  7.41962016e-01  7.39056170e-01 -4.56607342e-03
  2.40239412e-01  5.05984068e-01  3.99355114e-01  1.28236681e-01
 -4.47592884e-02 -5.03705740e-01  4.65330571e-01  1.24497876e-01
  1.33687705e-01 -1.50277540e-01  1.78217907e-02  3.37871760e-02
 -1.24529459e-01 -2.46338651e-01 -2.04553932e-01  3.16779763e-02
 -5.54145090e-02 -3.96561056e-01 -2.06746887e-02 -1.16227970e-01
  1.12305999e-01  3.53158146e-01  2.14500591e-01 -3.62298265e-02
  4.20811176e-01  2.11795971e-01  1.23109192e-01 -7.62197226e-02
 -3.77599895e-01  2.65918851e-01 -1.70980152e-02 -1.84992716e-01
 -1.14662377e-02  3.64771932e-01 -2.96308310e-03 -2.89187431e-01
 -3.36915284e-01 -7.51551390e-02  3.18288021e-02 -4.46407288e-01
  1.11804992e-01  1.41379803e-01 -2.13899851e-01  1.10277146e-01
 -4.20033276e-01 -2.64145911e-01  4.92412508e-01  1.44911870e-01
 -2.10090175e-01  4.21236187e-01  9.97505523e-03 -1.98480099e-01
 -3.08613271e-01 -5.82777075e-02 -1.39872968e-01  2.65157819e-01
  3.18675429e-01 -3.72595072e-01 -6.86046630e-02 -1.26803994e-01
  3.23855102e-01 -4.41816092e-01 -1.49663538e-01  1.24845438e-01
  3.30146492e-01 -1.87659860e-02  1.03959538e-01  3.32515895e-01
  8.69054422e-02  3.77223104e-01  1.87342316e-01  1.69194385e-01
  2.10262522e-01 -3.61108989e-01  3.37358639e-02 -3.47109079e-01
  5.15884068e-03  1.56224063e-02 -4.82385486e-01 -4.30454529e-04
 -2.91264147e-01  3.35286349e-01 -3.45346957e-01 -3.36435698e-02
  4.38537389e-01 -2.14146852e-01 -3.40364665e-01  6.26399755e-01
  4.65848058e-01  1.35392591e-01 -1.94470268e-02  3.72362822e-01
 -1.07893549e-01  5.62539287e-02 -4.14868802e-01  2.78364629e-01
  2.22100653e-02 -1.35009289e-01  2.83846051e-01 -2.87684768e-01
 -3.12896550e-01  1.26650885e-01  4.07047302e-01  8.25442970e-02
 -1.40435100e-01  2.17058122e-01  9.62312594e-02 -3.08586806e-01
 -2.12845236e-01 -2.00419843e-01 -1.46499008e-01 -5.90532005e-01
  4.67384398e-01  2.32583866e-01  1.45717591e-01  8.62869527e-03
  8.53356943e-02 -3.14995229e-01 -1.11538703e-02 -6.78679496e-02
  4.90056396e-01 -1.84798196e-01 -4.10502285e-01 -9.32141319e-02
 -9.87182334e-02 -9.91928205e-02 -1.75792381e-01 -1.69094682e-01
  1.45515442e-01 -2.09095646e-02  1.31253093e-01 -2.17317358e-01
 -3.93725872e-01  4.21878323e-02 -6.37794256e-01 -8.34404379e-02
 -2.12010548e-01 -1.26279160e-01  1.12405576e-01  9.53773111e-02
 -2.76256204e-02  8.63762572e-02 -2.26088807e-01  4.96326506e-01
 -5.44293895e-02 -5.12011610e-02 -2.47010076e-03 -1.22930609e-01
 -2.24733651e-01  3.05047572e-01 -2.02535897e-01  3.72151166e-01
  3.93083096e-01  3.02220821e-01 -6.62117958e-01 -7.22899707e-03
 -8.10261965e-02 -2.32696831e-02 -6.13129809e-02  3.22354615e-01
 -5.37091613e-01 -9.73844063e-03 -1.33854866e-01  2.57264912e-01
  3.86614859e-01  1.64167886e-03  1.17717214e-01 -1.52122512e-01
 -3.22544761e-02  8.50851357e-01  2.04744831e-01  1.62902758e-01
  6.68339580e-02  6.85668215e-02  1.54183000e-01  3.06646954e-02
  4.46286380e-01 -2.28304431e-01 -2.35660821e-02  2.90483564e-01
 -2.13853166e-01 -3.43351215e-01  1.58663407e-01 -1.84005111e-01
  3.22872728e-01  5.27235866e-01  4.53661263e-01  1.59201130e-01
  1.08563595e-01  9.65554714e-02 -2.17514157e-01 -4.82735038e-02
  3.15947652e-01  6.25313595e-02 -2.38446042e-01 -3.92291322e-02
 -7.99260847e-03  2.82507807e-01  1.67681694e-01 -2.62906015e-01
  5.44915348e-02 -1.37543276e-01 -8.50263685e-02  1.51623875e-01
 -5.03958724e-02  1.12955282e-02 -2.07843602e-01 -4.01184201e-01
 -3.04858297e-01 -1.24940753e-01  2.62326952e-02 -2.77300060e-01
 -3.79318744e-01 -2.01435924e-01 -4.68662471e-01  8.33176002e-02
 -3.54027569e-01 -2.31963977e-01 -2.55327106e-01 -1.48414791e-01
  8.69028121e-02 -4.11622785e-03 -5.79442322e-01 -2.94443499e-02
 -1.75372198e-01 -9.77841616e-02  1.97632253e-01  2.99329907e-01
  1.12781852e-01 -2.50788778e-01  1.50182158e-01  4.99911010e-01
  6.61681816e-02  7.22913295e-02  2.20947027e-01 -7.74870068e-02
 -1.25367388e-01 -4.59958971e-01 -3.68918240e-01 -6.46736547e-02]"
"Each day, a boulangerie baked fresh baguettes and other breads.","[-4.37616915e-01  2.00831369e-01 -3.60375971e-01  1.23876832e-01
 -2.68711150e-01 -2.41317004e-01  5.18700182e-01 -1.07504047e-01
  5.88506646e-02 -3.62700880e-01 -2.52983093e-01 -2.32364349e-02
 -4.18289788e-02 -6.00988626e-01  4.37272549e-01 -2.04114586e-01
  8.81425560e-01 -2.43624970e-01  4.85053435e-02 -1.75399750e-01
 -5.57208546e-02 -3.65700433e-03 -6.85979724e-02  3.42921317e-01
  3.78389329e-01  2.00187832e-01  1.80834889e-01 -4.79808331e-01
  2.32002109e-01 -2.94425666e-01  2.64135599e-01  7.69445896e-02
  2.07516640e-01 -4.48523611e-01  4.99458835e-02  5.10982692e-01
  2.62670696e-01 -5.64294815e-01  6.42543197e-01  3.03926528e-01
  1.56679042e-02  3.73614758e-01  4.92054932e-02 -3.45500380e-01
  4.46036160e-01  4.14748192e-01 -5.01619101e-01  6.93043590e-01
  8.86867270e-02  2.31004328e-01  1.34270196e-03  1.77075043e-01
  2.09774166e-01  2.03869194e-01 -1.41859964e-01  4.59028259e-02
 -4.74256456e-01  8.45250499e-04  2.27581069e-01  4.01150554e-01
 -1.20882913e-01  1.57775834e-01  2.47542337e-01  3.57949674e-01
  1.68655664e-01 -4.80264612e-02 -3.51878703e-01  6.15397692e-02
 -2.51982599e-01  1.31052583e-01 -3.61036479e-01  4.35873270e-02
  1.67531058e-01 -2.30259970e-01  3.65411669e-01 -3.40896785e-01
 -1.42677635e-01 -7.37628758e-01 -9.10834312e-01 -2.26833254e-01
 -8.02853942e-01 -5.16555667e-01  1.03855375e-02  3.28656495e-01
 -3.98314506e-01 -1.36981517e-01  1.72415346e-01  1.02610432e-01
  1.26572087e-01  1.38937861e-01  1.10929132e-01  3.14598769e-01
  3.34548891e-01  5.36297321e-01 -6.87062263e-01 -1.70407340e-01
 -1.27991155e-01  1.40047759e-01  2.08143517e-01  4.50155735e-01
  1.69969037e-01 -2.79964367e-03  8.94356847e-01 -1.96502611e-01
  2.56452829e-01 -4.97526735e-01 -1.93772390e-01 -2.55450785e-01
  3.93917024e-01  2.47973837e-02 -7.15829656e-02 -1.27274636e-02
  8.27915668e-02 -1.43789023e-01 -5.04481792e-01  7.66462460e-02
  2.26929978e-01 -3.11090380e-01 -2.24392459e-01 -1.51855722e-01
  1.53162211e-01  3.88325363e-01  3.19990873e-01 -2.75207222e-01
 -7.93879151e-01  2.48848200e-01  6.69398069e-01  9.58961099e-02
 -5.23620725e-01  1.82361320e-01  3.58228266e-01  2.86245644e-01
  1.33489221e-01 -3.94029468e-01 -4.47649896e-01  2.73483098e-01
  4.16039407e-01  1.69737250e-01  4.43314403e-01 -3.72975506e-02
 -2.60280315e-02  5.36085963e-01  5.79467952e-01 -1.43245384e-01
 -5.31556726e-01 -1.74262732e-01  6.97540402e-01  1.29994690e-01
 -1.21613644e-01 -4.93024439e-01  2.41042860e-02 -1.24830559e-01
  1.67327672e-01  4.83931154e-01  3.94153029e-01  3.39527726e-01
 -6.42172694e-01  7.03173354e-02  5.18526912e-01 -2.23341733e-01
  1.16334278e-02 -2.62718022e-01 -2.74206400e-01  3.85963678e-01
 -1.15200244e-01 -5.38747422e-02 -2.73618996e-02  2.03999519e-01
  2.57711858e-01 -2.59559900e-01  1.09963320e-01  9.08408500e-03
 -2.88443655e-01 -9.93597880e-02 -9.92953628e-02  6.13595784e-01
 -7.19365105e-02  1.03403732e-01 -1.11919176e-02 -1.87361851e-01
  1.04973949e-01  2.87666678e-01 -2.28722662e-01 -3.04656446e-01
 -9.77122411e-02  1.11517414e-01 -2.30464488e-02  2.79289365e-01
 -3.09186392e-02  7.44470432e-02 -9.42995176e-02  2.11455345e-01
 -3.54794890e-01  4.35167789e-01 -7.29505271e-02 -1.10603096e-02
 -2.05853313e-01 -5.16043484e-01  4.97396737e-02  8.11145604e-02
  2.63186306e-01 -4.95887041e-01  5.74190497e-01 -3.11496943e-01
  4.59659636e-01 -6.77828044e-02 -5.57669580e-01 -3.80503759e-02
  9.07970786e-01 -4.35495555e-01 -9.84777287e-02  2.12056234e-01
 -3.39625061e-01  6.97054982e-01  7.70827308e-02  1.02407932e-01
  3.90106529e-01  6.26351357e-01 -9.58155632e-01 -9.20206457e-02
  4.94987667e-02  1.47744581e-01 -3.53188872e-01 -2.37205505e-01
  3.88368756e-01 -8.95225406e-02 -3.44495505e-01  2.91486681e-01
  4.75878090e-01 -1.89995050e-01 -2.21807241e-01  4.09126610e-01
 -3.94156992e-01  1.01187445e-01 -2.40745276e-01 -3.57223809e-01
 -1.27620026e-01  2.53430784e-01 -4.04359519e-01  5.39047480e-01
 -3.67341600e-02  1.18257180e-01 -4.85627726e-02 -5.07112443e-01
 -6.55372977e-01 -3.86132225e-02 -2.26188138e-01  3.85040462e-01
  8.36216062e-02  2.70094454e-01 -4.10755008e-01  5.82533360e-01
  1.04914807e-01 -2.92878777e-01 -1.81978315e-01 -5.52196622e-01
  1.29811168e-01 -7.69892260e-02 -1.86399415e-01 -1.48987293e-01
  5.19182980e-02 -6.72655925e-02 -1.44845694e-01  2.44145803e-02
 -4.32604030e-02 -1.19085625e-01 -1.03664711e-01 -8.27180371e-02
  5.54462671e-02  1.24695636e-01 -4.55610931e-01 -1.56798810e-01
 -2.06336766e-01  3.28190863e-01  1.74193382e-01 -8.12236592e-02
 -2.81113476e-01  6.68089464e-02 -4.44840431e-01  5.07372260e-01
 -5.63970983e-01 -3.62598479e-01  7.67520815e-02 -3.48430693e-01
 -2.94641733e-01 -1.09693147e-01  4.99797821e-01  7.20419288e-01
  5.14416814e-01 -3.13248932e-01  2.06757821e-02  3.87316495e-01
  1.22584224e-01  1.57379746e-01 -1.30026922e-01  1.26694635e-01
  5.02830744e-02  6.31472915e-02  7.80130774e-02  3.63858819e-01
  1.19707964e-01 -7.34113514e-01  8.78658965e-02 -4.01227772e-02
 -6.10956132e-01 -6.00112155e-02 -1.14816681e-01  3.13650131e-01
 -3.33612502e-01  6.38498068e-02 -5.47195256e-01 -6.84060752e-02
  1.06390812e-01  3.68514359e-01 -6.66738749e-02  3.89463991e-01
  1.50377601e-01  4.14314508e-01 -2.36018188e-02  1.23645104e-01
 -7.96276182e-02  2.61911359e-02 -4.68097746e-01  3.84466887e-01
 -5.93485296e-01 -5.71194887e-01  3.28174174e-01 -2.66755581e-01
  4.08531755e-01  6.30380660e-02 -6.29769415e-02  1.05441310e-01
 -1.08271815e-01  2.90057003e-01 -2.42204577e-01 -9.90860686e-02
  2.85077281e-02 -4.36415285e-01 -2.81741619e-01 -1.52047291e-01
 -1.41164958e-02  1.32906213e-01  3.82241189e-01 -5.21746933e-01
  6.72951043e-02 -2.87827164e-01 -3.50352339e-02  6.09305277e-02
  2.07313541e-02 -4.02910709e-01  6.26757666e-02  3.37650061e-01
  2.33009338e-01 -2.52572387e-01  6.81900322e-01 -4.75263923e-01
 -7.32254386e-01 -9.09714326e-02  2.32614242e-02  4.94190395e-01
 -2.48638779e-01 -5.71658552e-01  1.33131742e-01  1.72816403e-02
  4.30234056e-03 -4.59895045e-01 -2.64714777e-01  3.12993318e-01
  2.17407987e-01  3.67859542e-01  1.55288011e-01 -8.09160620e-02
  5.72917104e-01  5.98170757e-02 -9.03397277e-02  1.85427740e-01
  3.29438299e-01 -7.89049044e-02  3.40151817e-01  1.66630596e-01
 -1.52668282e-01 -6.50670350e-01 -1.09743953e-01  5.35458215e-02]"
"A 3,500-seat restaurant was constructed for the Games to highlight global cuisine.","[ 3.80852103e-01  3.50300334e-02 -4.89826262e-01 -3.45631450e-01
 -9.26601589e-01 -1.15649961e-01 -9.94565338e-02 -5.25980413e-01
  3.05741191e-01  1.49703383e-01 -2.88107127e-01 -1.87332124e-01
  1.38576865e-01 -3.65251034e-01  1.89321935e-01 -7.27081776e-01
  4.97983485e-01 -2.10412383e-01 -1.03565929e-02 -1.12071939e-01
 -9.83640626e-02 -3.62221599e-01 -2.87305772e-01 -7.73120858e-03
  5.30992568e-01  1.08422719e-01 -7.07189366e-02  7.56664157e-01
 -3.13411146e-01 -1.22805342e-01 -1.97758317e-01 -7.37843737e-02
  1.91983163e-01 -9.96716917e-02 -2.89231241e-01  5.95986247e-01
 -1.62348986e-01 -4.33512777e-01 -6.01252774e-03  1.84986711e-01
  1.65642187e-01  2.23043621e-01 -3.48258764e-02 -3.43873888e-01
  7.61422962e-02  5.45628071e-02 -3.78746182e-01  4.47023839e-01
 -2.01861233e-01  1.52808025e-01 -3.72893780e-01  4.40268219e-01
  6.78988919e-02 -6.52202293e-02 -1.19262233e-01 -4.20945734e-01
 -5.29914983e-02  2.23595947e-01 -3.23195279e-01  1.30754128e-01
  4.33029771e-01 -6.85871363e-01  6.83910310e-01  3.57715011e-01
 -2.33348295e-01 -3.07923883e-01 -2.72586584e-01  3.68750334e-01
 -5.01946390e-01  1.35970742e-01 -2.96898097e-01 -3.25202465e-01
  4.28299665e-01 -2.26406246e-01  3.48051310e-01  1.14111610e-01
 -3.23414281e-02 -5.89400530e-01 -3.25534105e-01  8.75822529e-02
  4.08510149e-01 -5.94586059e-02 -3.99910331e-01  2.05737710e-01
  2.57223882e-02 -2.99025148e-01 -2.55334880e-02 -4.41755146e-01
  1.33892819e-01  1.57754093e-01  1.76226571e-01  1.03808641e-01
  4.24369097e-01 -1.58860832e-01 -3.04151088e-01 -1.94621757e-01
 -5.13926983e-01 -1.94346219e-01  2.84318686e-01  2.48296842e-01
  4.18944091e-01  2.82231599e-01  8.08769286e-01 -1.39954284e-01
  2.83519864e-01 -7.74476081e-02 -3.31181049e-01  3.63540411e-01
 -9.34747532e-02  1.35555923e-01 -6.75647855e-01  3.76791596e-01
  1.72380969e-01 -1.20295435e-01 -9.41080093e-01  5.28152883e-01
  7.96922669e-02 -6.87881485e-02  5.13576984e-01 -2.60084897e-01
 -2.72997022e-02 -1.15668774e-02 -1.87092826e-01 -9.80884116e-03
 -1.90103263e-01  4.50581700e-01 -8.52467045e-02  1.33599192e-01
 -7.96538532e-01 -6.01965003e-02  5.17622046e-02  2.21512347e-01
  4.95478928e-01 -1.89237311e-01 -3.23165685e-01 -1.50225848e-01
 -3.86467546e-01  9.29937884e-03  2.39666432e-01 -1.73227787e-01
  1.95992127e-01  5.20059884e-01  5.18541574e-01 -5.39063871e-01
  2.15743691e-01  3.42250824e-01  1.67332768e-01 -1.49969049e-02
 -1.55138776e-01 -5.89397311e-01  5.61521769e-01  1.41168922e-01
 -7.36868978e-02  8.41429681e-02 -1.58569753e-01  1.77331075e-01
 -2.74106503e-01  1.65466234e-01  1.88373625e-01 -7.17398599e-02
 -9.13766474e-02 -3.26609373e-01  1.01980977e-02  2.36442089e-01
  3.74396592e-02 -4.52838033e-01  1.41489625e-01  9.74421129e-02
 -2.14820310e-01  7.68369511e-02  4.22800833e-04  1.63496435e-01
 -3.88558179e-01  6.14248097e-01 -7.32428074e-01 -3.15407701e-02
  2.19242945e-01  4.19542402e-01  1.55703962e-01 -7.62547627e-02
 -1.03397183e-02 -2.54925340e-02  1.73011780e-01 -1.46319076e-01
  3.14101845e-01  1.59416750e-01  1.60223991e-01  3.76499087e-01
 -4.34779733e-01  2.60694236e-01  5.20234592e-02  1.84661046e-01
 -6.62538633e-02  3.82493824e-01 -4.38936464e-02  7.15564415e-02
  3.44948143e-01 -1.21245988e-01  3.29314321e-01  1.76805809e-01
  5.70848703e-01 -5.99941574e-02 -7.02960193e-02  2.07015485e-01
 -2.94991583e-01 -2.76616901e-01  1.08459398e-01  5.96405827e-02
  2.24641845e-01  3.28231901e-01 -2.64651589e-02  1.08966261e-01
 -3.10213059e-01  1.63579956e-01  4.95927066e-01 -1.68134570e-01
  4.04116184e-01 -7.50889629e-02 -3.18085879e-01  2.96479017e-01
  2.46960059e-01 -1.76536161e-02 -4.98830587e-01 -3.17962050e-01
 -9.09355730e-02 -1.21630706e-01 -6.12466335e-01 -1.83356613e-01
  2.41853014e-01 -5.41960359e-01 -3.85035336e-01  4.43982370e-02
  1.88270137e-01  2.23552182e-01  5.80890924e-02  3.60472202e-01
  5.34998059e-01 -7.18255267e-02 -4.94971186e-01  4.54084456e-01
  1.49649993e-01 -3.36523205e-01 -1.59161210e-01  9.60861817e-02
  2.94173006e-02 -5.04049957e-01 -4.02988970e-01  7.25167871e-01
 -4.17579949e-01  5.32525778e-01 -1.42193716e-02 -2.68710524e-01
 -4.31672990e-01  1.43914104e-01 -4.33122396e-01 -4.19032007e-01
  8.16741586e-02  3.55851471e-01  2.38764793e-01  3.74312758e-01
  1.39166027e-01 -6.24475777e-02 -7.14223459e-02  3.31059456e-01
  1.30099848e-01 -1.41898632e-01 -5.75481713e-01  4.38644320e-01
 -1.60320088e-01  3.87972385e-01  1.16443813e-01 -3.25861365e-01
  4.10784222e-02 -4.10609037e-01 -3.21734957e-02 -3.60752672e-01
 -1.33199766e-01  2.64931004e-02 -4.73111093e-01  8.45077634e-02
 -3.10364634e-01 -3.84579822e-02  1.69201136e-01  9.45457146e-02
 -3.17144305e-01  6.00159355e-02 -1.04252279e-01  4.18243498e-01
  4.27219898e-01 -9.79962796e-02  3.96945506e-01  2.28487819e-01
  2.97439508e-02  3.59785944e-01 -1.18702710e-01  3.56721669e-01
  2.15844706e-01  2.60204524e-01 -3.78037274e-01  2.36912221e-01
 -2.18220830e-01  5.67470610e-01  4.88729179e-02  5.39310038e-01
  5.72698824e-02  3.60084593e-01 -9.08304676e-02  3.13555151e-02
  3.47815245e-01 -1.68529630e-01  1.63176209e-01 -1.00815045e-02
 -3.44033957e-01  4.59767133e-01  4.33662564e-01  1.17424324e-01
  2.34877884e-01 -5.82776777e-02  3.57747644e-01 -3.02636057e-01
  2.76506513e-01 -1.23781003e-01 -2.18479156e-01  3.39071423e-01
 -5.89279890e-01 -4.83230948e-01  3.64953279e-01 -3.32165003e-01
  1.08098805e-01  2.88458884e-01 -2.16834292e-01  3.84983569e-01
  8.05757567e-02  1.34968176e-01  3.05629466e-02  1.45450374e-02
 -3.40575352e-02  4.84024286e-01 -3.55478883e-01  4.09644581e-02
  2.61276126e-01  4.62169856e-01  4.23393250e-01 -5.59031129e-01
  1.56534296e-02  1.74513198e-02 -2.66607642e-01 -1.19346127e-01
  1.83566466e-01 -2.14835867e-01 -2.16871619e-01 -6.27910122e-02
 -3.37484092e-01 -3.87605727e-01  1.13947138e-01 -2.89056152e-01
 -6.07189417e-01 -7.78159350e-02 -1.80977225e-01 -2.89665520e-01
 -2.78415114e-01 -2.93745875e-01 -1.12458088e-01 -5.44587635e-02
  3.39063108e-02  3.46132278e-01 -3.98727417e-01  4.03519690e-01
 -3.94375250e-02  6.69425651e-02 -1.65885277e-02  3.43849093e-01
  2.80875742e-01 -2.95654863e-01  2.85892934e-01 -5.36553748e-02
 -1.12097390e-01  4.25497293e-01  4.97643709e-01 -1.59060150e-01
 -7.92056248e-02  1.85958669e-01 -2.35807061e-01 -1.79970488e-01]"
"Great Britain's team requested porridge be added to the menu, and South Korea's team asked for kimchi.","[-0.13354033 -0.2240922   0.08773982 -0.1064073  -0.19612435 -0.30946413
  0.46989995 -0.37822393  0.16672337 -0.32027146 -0.285796   -0.24001619
  0.19429131 -0.09936555  0.17229027 -0.33146167  0.39208344 -0.33330014
  0.04911693 -0.576223    0.21086918 -0.28010628  0.17830794  0.1314416
 -0.07027394  0.11876181  0.13898678  0.2298382  -0.21913216 -0.13434039
 -0.1534051   0.3691058   0.02050438  0.19597813  0.27066225  0.27501848
  0.32293335 -0.48245358  0.23071261  0.05897593  0.21467474 -0.16084988
  0.14282672 -0.17100175  0.35860956  0.26841918 -0.2651722  -0.0307384
 -0.44271466  0.15859202  0.24850048  0.09022523  0.15246218  0.19699556
  0.19816954  0.47944286 -0.14281906 -0.2519075   0.01457829  0.23871425
 -0.38379818 -0.0862023  -0.06915892  0.715989    0.1291437  -0.24581136
 -0.39484334  0.78423417 -0.31400645  0.38093835  0.2566177   0.18149503
  0.49972376  0.11945119 -0.00515532 -0.20440532  0.15857866 -0.34592915
 -0.5535638   0.0746795  -0.5448299   0.31519425  0.06214759  0.172062
 -0.23538508 -0.3403504  -0.14078166 -0.3416942   0.14380445  0.41281036
  0.02991574  0.00566381  0.53165984  0.03302196 -0.0631034   0.18624221
 -0.18065237 -0.66599876 -0.23115808 -0.04204267 -0.21404944  0.28441137
  0.5122122  -0.5503181   0.06890387 -0.7353092  -0.36201346  0.28986415
  0.19694236  0.5206066  -0.3427769   0.47685564  0.17078602  0.32649097
 -0.7727593  -0.21079172  0.20530157 -0.12271997 -0.01692352 -0.15394479
  0.11801537  0.25096825 -0.6766529  -0.00982605 -0.2280001   0.33141926
 -0.11915951  0.48324332 -0.05198479 -0.3003227   0.08873299 -0.09478096
  0.04445671  0.29183543  0.02008044 -0.2179303  -0.03854512 -0.08991397
 -0.15832046 -0.18776053 -0.1072384   0.24096619  0.28464133 -0.22102843
 -0.35777622  0.3289348   0.09237994  0.15857875 -0.07677172  0.15966564
 -0.12045113  0.20090933  0.11913376  0.20066157 -0.12347116 -0.16917135
 -0.19162627  0.15760458  0.0075316   0.2170021   0.2532532  -0.107658
 -0.33794534 -0.19541624  0.02706072  0.10123798  0.13401105 -0.37692896
  0.7641788  -0.13300753  0.07703277  0.13895303 -0.26696274  0.24780747
 -0.20456322 -0.50111014  0.2915494  -0.08112143 -0.06353577 -0.0689422
 -0.186199   -0.27417892  0.14624575 -0.48339742  0.03961699  0.14792483
  0.0556398  -0.4308382  -0.46068496  0.39962533  0.437954    0.08975765
  0.3327831   0.3236505  -0.06158075 -0.0155159   0.12041397 -0.49767387
 -0.50508225 -0.15822245  0.2847409   0.2126829  -0.19203141 -0.05564608
 -0.02057199 -0.40654492  0.5105109   0.04753655  0.15866435 -0.16394453
 -0.05528117  0.7414086  -0.01110375  0.47596437  0.13775535 -0.20955993
  0.42594966  0.02838963 -0.18423255 -0.13043451  0.03186828 -0.26217324
 -0.292402   -0.39075053 -0.02894697 -0.10597381 -0.1119192   0.06653258
  0.42526612 -0.69460374 -0.36286807  0.07356916  0.48409122  0.31417605
 -0.16626072  0.43827757  0.16562504  0.12584461 -0.37094286  0.8567044
 -0.1071724   0.08809967  0.14118923  0.04123278 -0.30280712  0.07307947
  0.12147375  0.1895412  -0.3419657   0.26537064  0.4090028  -0.07279637
 -0.1533843  -0.09315269 -0.07898773 -0.5014339  -0.3701666   0.42661604
  0.0304634  -0.22892573 -0.00443041  0.39260447 -0.10354958  0.57808125
  0.22992639 -0.39278063 -0.38364658  0.3589974   0.121678    0.01479239
 -0.0067532  -0.44338802 -0.04741727 -0.03795998  0.11455704  0.07856258
 -0.28074414 -0.28830087 -0.26869038  0.0021452   0.15180142 -0.6615126
  0.2866957  -0.39080462 -0.16061437  0.32427287  0.43888372 -0.5187596
 -0.13836671 -0.19901335  0.40827355  0.20229767  0.16599776 -0.11531433
 -0.23633334 -0.0845255   0.6281991   0.33582208  0.42869455  0.20569193
 -0.49362004 -0.13296479 -0.09386232 -0.20775573 -0.40422016  0.5103267
 -0.24555863  0.4507481   0.72452885 -0.42445368  0.11213136  0.5975623
 -0.14779794  0.45356205 -0.00215638  0.14864653  0.19799928  0.08780128
  0.09079008 -0.18366413  0.5727706  -0.40679592 -0.36066175  0.45581138
  0.08281908 -0.40590224 -0.5737307   0.01451329  0.2927383   0.05044444
  0.03441718  0.58448637 -0.06955028  0.09130429 -0.35634515  0.2603923
 -0.03439017  0.17460994 -0.39479044  0.01058589  0.0683537   0.4878995
  0.2989016   0.01210133 -0.02082529  0.53323466 -0.42350134 -0.29822758
 -0.27117425 -0.19758202  0.26853758  0.1372678  -0.18475243 -0.00189848
  0.8919469   0.05141509 -0.6425161  -0.2558771  -0.01129965 -0.6230655
 -0.475009   -0.49306405 -0.11180486  0.62884945 -0.14832772 -0.17470048
 -0.6586186   0.19071129 -0.15272407  0.3731005  -0.43636176 -0.21408258
  0.00714109  0.3306078   0.58350044  0.12939027  0.47767147 -0.3453006
  0.20214432  0.19969551  0.1953747  -0.0517893  -0.3164755  -0.35517928]"
"Throughout the Games, various athletes and competitors in the Olympic Village complained about certain foods, such as eggs and grilled meats, not being available in sufficient quantities.","[ 0.40948513  0.15216985  0.17961355 -0.07541253  0.20779625 -0.5606154
  0.18292958 -0.30057868  0.01422994 -0.17181998 -0.34430107 -0.27497563
 -0.09116813 -0.19192727  0.12229869 -0.40492585  0.29662022 -0.26059747
 -0.19990869  0.14133963 -0.15973657 -0.20893757 -0.01260254  0.43249652
 -0.0222348   0.36796427 -0.20155439  0.44241077 -0.10864018  0.3878201
 -0.2658153  -0.01230332  0.2872586   0.01659905  0.21998784  0.1951138
  0.27609986 -0.17396623 -0.21509424  0.02079566  0.48444825 -0.25096834
  0.14702144 -0.18362257 -0.29539827  0.37597314  0.05088896 -0.17158742
 -0.20869717  0.23915283 -0.04596913  0.54190356  0.34955925 -0.31550422
  0.18957147 -0.00343233  0.11057518 -0.19048525 -0.13718045  0.19878349
  0.18689685 -0.18746254  0.40503842  0.11652026  0.32191315 -0.38067764
 -0.11246981  0.8389854  -0.17254798  0.03601993  0.7660969   0.0279617
  0.09277324 -0.02131112  0.16513474  0.2675059  -0.07353894 -0.60962135
  0.07885473  0.14402953 -0.17877634  0.08181914  0.2025346   0.11535434
 -0.18678659 -0.50926703  0.24423175 -0.11067605  0.2038072   0.348219
  0.1833577   0.09045849  0.84614825  0.07614718  0.15637062  0.18596609
 -0.3141502  -0.14268027 -0.32902396 -0.08368901 -0.06530248  0.19150582
  0.28730032  0.3758215   0.12637085 -0.47964716 -0.6963136   0.11929063
  0.20115654  0.30604914 -0.28729495  0.05849241  0.03787608 -0.01352
 -0.6801774  -0.10141448  0.14789575 -0.25993142 -0.5685729   0.36068025
  0.20351975 -0.0633743  -0.3381183   0.39991626 -0.07978644  0.26693237
 -0.78158474  0.20508698 -0.29611528 -0.1789458   0.26268923 -0.31511408
 -0.12689368 -0.3264026  -0.42636102 -0.24516432  0.41310444 -0.05324874
  0.1726203   0.40453264  0.20192873  0.36014828  0.44842878  0.05482574
  0.09372662  0.01165128  0.48176673  0.14242129  0.04809147 -0.6401055
  0.5465844   0.3657015  -0.25879636  0.71178937 -0.44857773 -0.30815357
 -0.01401034 -0.13732435 -0.00682506 -0.25885436  0.05721945  0.14118005
  0.18093954  0.09887505  0.25246337 -0.02285324 -0.33601788 -0.06227203
  0.29170758 -0.17041849  0.31881678  0.31396976  0.05241573 -0.13655642
 -0.09091013 -0.5262287  -0.57188034  0.6072418   0.06880426  0.14375424
  0.2736035  -0.22878952  0.22715718 -0.26862812  0.25872517 -0.06764963
 -0.5606964  -0.21846737 -0.3664012   0.1662167   0.05764487  0.00798301
 -0.3750361   0.2985005   0.08830074  0.0324733  -0.23561783 -0.09640467
  0.19089557  0.03048906 -0.1282748  -0.03243328 -0.26380107 -0.11637347
 -0.0200933  -0.6059339  -0.21185654 -0.6600217   0.372131   -0.09943134
 -0.15758096  0.26698375 -0.3454232   0.15830265  0.12598526  0.43007785
  0.6240314   0.21022788  0.02567638 -0.03096792 -0.22378494 -0.19528382
 -0.34889254 -0.09710638 -0.1939406  -0.05825081 -0.12004516 -0.2412399
 -0.01554198 -0.14178284 -0.17854999  0.20825315  0.3055667  -0.09205447
 -0.33745402 -0.04766661  0.08778832  0.15654737 -0.43743443  0.37694123
 -0.3051209   0.48365718  0.12726372 -0.25150886 -0.0711313   0.23608741
  0.22976494 -0.04358543 -0.5365195   0.05446616  0.13568774 -0.2730757
 -0.05485282 -0.07814123 -0.31501517 -0.00171222  0.3735151  -0.00104944
  0.23571083 -0.00863316  0.24445859 -0.07607046 -0.41420966 -0.19588281
  0.2179942  -0.12909783 -0.1994205   0.4841256   0.1273015   0.07906197
  0.05483567 -0.32342002  0.38237786 -0.03583131  0.2897544  -0.35372058
 -0.02373848  0.02130808 -0.3615792  -0.27732968  0.06843835 -0.21746637
 -0.07280724  0.109656   -0.15475662 -0.0480364  -0.5483822  -0.26200658
  0.02060356 -0.10314271 -0.34253517 -0.19429503  0.02764077  0.29264447
 -0.10155227  0.2304676   0.216715   -0.01800167 -0.3321713   0.6577705
 -0.3326372  -0.00279434  0.2458098  -0.06284281  0.0659227  -0.00118314
  0.00876844  0.2692099   0.23713678 -0.23050752 -0.01624448  0.03288757
 -0.05641473  0.5405336   0.46065602  0.15896517  0.15738566  0.32718787
  0.04577382  0.10454793  0.44552496 -0.42280135 -0.16676898  0.21539086
  0.14869052  0.27973637 -0.09917033 -0.17042111  0.3854046   0.47352487
 -0.43861514  0.56836885  0.02120597 -0.37004232 -0.17914434 -0.14456752
  0.08484036  0.15171872 -0.09400497  0.22426206 -0.19081064  0.28631583
 -0.19441475  0.02469023 -0.32058063 -0.5432863   0.25503093 -0.17813538
  0.04440803  0.28905776 -0.18952535 -0.03829556  0.052012   -0.2567823
  0.06926358 -0.1189344  -0.25261182 -0.04893941  0.12022405 -0.62744313
 -0.61326003 -0.31630868 -0.15119739 -0.21987347  0.32556286  0.09506349
 -0.86598545  0.43008494  0.13010001 -0.35117668 -0.22314748 -0.04630252
 -0.06257676 -0.31583828  0.11067665 -0.10245907  0.1821537   0.43701252
  0.80708    -0.1565946  -0.08517111 -0.21496151  0.08872539  0.01650549]"
"British athletes reportedly expressed concerns about raw meat being served, leading many to avoid the Olympic Village dining facilities and eat elsewhere.","[ 0.45964095  0.09633757  0.21636799 -0.22092155  0.10296457 -0.48045534
  0.3831581  -0.34431517 -0.01369106  0.00624071 -0.43016604 -0.5124971
 -0.05675532 -0.14670306 -0.04890428 -0.30918172  0.42376417  0.11250638
 -0.10864016 -0.0482079  -0.16857976  0.00751436  0.18562491  0.32194492
 -0.1250515   0.12361726 -0.04890332  0.4650507  -0.1771122   0.10246584
 -0.05591047 -0.12203941  0.28643593  0.02911443  0.22732106  0.49040395
  0.39720985 -0.15913197 -0.20459676 -0.04990214  0.27059916 -0.34220064
  0.32940227 -0.31700853 -0.13104807  0.5307887   0.08088943 -0.348198
 -0.27927697  0.18231726  0.08593489  0.34547234  0.23846681 -0.5772418
  0.32236525 -0.19857368 -0.05548855 -0.2156101  -0.3712501   0.21848394
 -0.04452    -0.35833043  0.546458    0.17599875  0.11873284 -0.06089972
  0.0122682   1.0229564  -0.3163791  -0.04598949  0.28089315  0.16259743
  0.29570112 -0.2012817   0.09909915  0.21834348 -0.00759672 -0.66742146
 -0.04374333 -0.01282641 -0.27101266  0.28490475 -0.04547874  0.19269961
 -0.37950757 -0.51295537  0.24888779 -0.35556814  0.05259573  0.36357123
  0.1447022  -0.21776779  0.6334582   0.20466314  0.2798187   0.07698039
 -0.07473876  0.00934167 -0.32612324  0.14391764 -0.04356789  0.25243253
  0.27456087  0.34365824  0.23358199 -0.48097834 -0.921105    0.1518578
  0.08199758 -0.11797823 -0.2548946   0.36937803 -0.43538997  0.09803034
 -0.90580124  0.01916701  0.46532363 -0.16479598 -0.23742741 -0.00985519
  0.06078445  0.09461163 -0.2817946   0.18079191 -0.11015905  0.04154782
 -0.6013518   0.175326   -0.53028715 -0.16627243  0.04277261 -0.22542988
  0.2007857  -0.33636543 -0.59358865 -0.23183152  0.43466642 -0.38275
  0.1183538   0.20779833  0.3742616   0.07529748  0.10726822  0.02731539
  0.21528319  0.23076695  0.24587448 -0.1204399  -0.24583331 -0.36861932
  0.71671736  0.47825864 -0.36502382  0.576416   -0.12944627 -0.61971194
  0.09262617  0.08281737 -0.08322176 -0.00107207 -0.03347517  0.06783161
 -0.26001742  0.13359725  0.27059764  0.02793473 -0.09357835  0.13852929
  0.3984011  -0.41484717  0.3100333   0.18583861 -0.00602586 -0.1453558
 -0.0104984  -0.28739926 -0.5079061   0.4542331   0.38982296 -0.01596174
  0.44096473 -0.337596   -0.0573201  -0.1969743   0.16285324 -0.182647
 -0.5839542  -0.4128668  -0.11798878  0.37578866  0.03835819 -0.11165202
 -0.21717578  0.3900282   0.10078463 -0.06457987 -0.17040302  0.04400472
 -0.27965018  0.2607014  -0.05369839 -0.0714611  -0.46923658  0.27563515
 -0.18628128 -0.45493934  0.14328192 -0.36189142  0.4066809   0.20190269
 -0.3957403   0.4839074  -0.33935392  0.069208    0.15016696 -0.03849084
  0.3493911   0.18678623 -0.011076   -0.13956437 -0.32940772 -0.19358595
 -0.32507533 -0.0139709   0.3420427   0.02240136 -0.31510463  0.09432741
 -0.00874773 -0.15566923  0.11121623  0.25758258  0.10791709 -0.03085233
 -0.44463265 -0.08096858 -0.26593497  0.05577942 -0.11626458  0.42625105
 -0.2575464   0.45592192 -0.33017376 -0.3414195  -0.0899363   0.3513392
  0.4308798   0.15154716 -0.5435868   0.1397872   0.22444841 -0.26436192
 -0.15010335 -0.33267483 -0.27492973  0.44662577  0.29370117 -0.1359647
  0.01896735  0.29440016  0.06788553  0.2482993  -0.21608315  0.01517485
  0.19975035 -0.24929789 -0.44637725  0.6427486  -0.09498244  0.17293867
 -0.00654489 -0.44202292  0.19775032 -0.02832398  0.5840025  -0.14158934
  0.05783632 -0.07759113 -0.05648214 -0.2157142   0.01265096 -0.38877636
 -0.15601858  0.31031772 -0.06914868  0.0715552  -0.49509746 -0.23527738
  0.17397371  0.1898606  -0.40179285  0.14413199 -0.33818924  0.24206267
 -0.03978252 -0.03552812  0.20434181 -0.09523329 -0.19918919  0.48231554
 -0.49247566 -0.02970981  0.04640428  0.4520128  -0.12912992 -0.14294699
  0.09405403  0.4563042   0.3207008   0.12554121 -0.06702196  0.13992551
 -0.20107001  0.17210029  0.3761885  -0.01456848  0.02045244  0.17825301
  0.10605907  0.05810843  0.26511902 -0.38951173  0.02494565  0.23424546
 -0.2535539   0.16934592 -0.05565153 -0.30314597  0.20109382  0.21196645
 -0.46156195  0.46305716  0.0076098  -0.19482836 -0.44843167  0.23547354
  0.06164922  0.02659737 -0.27526206  0.11342447 -0.2357743   0.27310854
 -0.05204358 -0.00974517 -0.30603716 -0.50475776  0.15565345 -0.02070335
  0.3670295  -0.09133141  0.04903585 -0.00105411 -0.16654557  0.03464286
  0.38937166 -0.12600662 -0.20282581 -0.18438779  0.11294857 -0.35858616
 -0.6534227  -0.52932984 -0.20925546  0.11430327  0.5568568   0.2849066
 -0.41647768  0.50907874 -0.19452128 -0.1252953   0.02159157  0.15799133
  0.09790393  0.36001426 -0.00311261  0.04286643  0.1666546   0.30900943
  0.80665106  0.03973163 -0.04842395 -0.39175794 -0.24389574 -0.0228761 ]"
The British Olympic Association flew in chefs to ensure the nourishment of British athletes at a location outside the Olympic Village.,"[ 5.48607290e-01  2.40130454e-01  1.65713772e-01 -2.18756571e-01
  1.95349827e-01 -3.36526513e-01  5.59605122e-01 -4.03070182e-01
 -2.29673848e-01  1.08072208e-02 -4.32352573e-02 -4.65711802e-01
 -7.98204243e-02  8.46115425e-02 -2.33942673e-01 -2.27655396e-01
  1.02191441e-01 -5.93996905e-02 -2.02811599e-01 -3.55653375e-01
  4.18841034e-01 -5.65706380e-03 -8.83131176e-02  3.10812324e-01
 -3.34406972e-01  1.63669527e-01 -4.80134130e-01  3.44901413e-01
 -2.62085110e-01  4.33957502e-02 -4.78271469e-02 -3.64586383e-01
  2.39177033e-01  7.52277002e-02  4.03409243e-01  3.71061951e-01
  1.74282014e-01 -3.32943797e-01 -4.62072998e-01  3.60360332e-02
  4.86112714e-01 -1.96453467e-01  1.53311575e-02  6.72954973e-03
 -8.53169560e-02  4.30384189e-01  1.81193780e-02 -3.88655335e-01
 -2.94908643e-01  1.33104682e-01  2.28758425e-01 -5.06211072e-02
  3.57426047e-01 -5.70249677e-01  1.63516685e-01 -2.15613395e-01
 -3.17398131e-01 -3.38420659e-01 -3.12688500e-02 -3.62149060e-01
 -1.64079562e-01 -1.14234857e-01  3.82338643e-01  2.20804378e-01
 -2.58268509e-02 -1.24764919e-01 -7.35298693e-02  3.21318865e-01
 -2.15596810e-01 -4.55644667e-01  2.12537780e-01 -3.94493520e-01
  2.25015998e-01 -3.58341157e-01  4.07596827e-02  3.95611793e-01
 -1.65718183e-01 -4.83249515e-01 -3.52461368e-01 -1.87161133e-01
  1.02739520e-01 -4.85001653e-02 -7.78617710e-02  2.55895019e-01
 -5.16901165e-02 -2.81625152e-01  2.37341151e-01 -6.40572608e-01
 -3.49300466e-02  4.48682934e-01 -1.83518097e-01 -1.16923653e-01
  1.42060116e-01 -5.81896640e-02  9.79142189e-02  8.95191282e-02
 -5.67584969e-02  9.52035785e-02 -1.14815123e-01  9.90771726e-02
 -5.77798439e-03  1.72877803e-01 -5.50679639e-02  3.54083031e-01
 -8.16921666e-02 -1.52233973e-01 -4.81833816e-01 -5.33118993e-02
  3.25016528e-01  2.66467053e-02 -3.77547950e-01  3.49785477e-01
  3.40623140e-01  5.99140227e-02 -7.62708545e-01  1.67490140e-01
  7.53815286e-03  3.39491576e-01 -2.64829993e-01  6.17021956e-02
  2.45143250e-01  5.25175743e-02 -7.76013639e-03  2.38758788e-01
 -1.35852844e-01  5.14738441e-01 -2.53398567e-01  8.20082352e-02
 -3.81802529e-01 -5.50798811e-02  2.04576850e-01  1.09529672e-02
  2.47583841e-03 -3.09102386e-01 -3.87033463e-01  4.58159931e-02
  2.64547795e-01 -2.60413706e-01 -1.02814743e-02  4.20024805e-02
  3.77473116e-01 -3.48239839e-02  2.59644449e-01 -1.60547957e-01
  3.98205072e-01 -6.97175413e-02  3.95778149e-01  2.39822015e-01
 -1.91868886e-01 -2.41434857e-01  3.99890274e-01  6.77004516e-01
  2.05214113e-01  6.80456638e-01 -3.39838773e-01 -2.75158852e-01
  3.06274831e-01  1.91943988e-01 -1.59145102e-01  5.48398308e-02
 -2.61418670e-01  1.46455929e-01 -4.52554137e-01 -3.34768236e-01
  2.34031186e-01 -1.40506819e-01  4.54713143e-02  8.39794800e-02
 -4.12785783e-02 -3.74630302e-01  2.93117732e-01 -1.94078654e-01
  1.77822858e-02  6.36935383e-02 -2.74406672e-01 -3.03002924e-01
  3.13188970e-01  2.93240249e-01  3.52704167e-01 -2.33621702e-01
  1.33463338e-01 -3.37439805e-01  3.74286711e-01 -1.27529919e-01
  1.35229081e-01  1.92164585e-01 -4.37174350e-01 -1.90619737e-01
 -2.43976116e-01  4.63175923e-01  3.02321650e-02 -1.24348216e-01
  2.43415192e-01  2.99727470e-01  2.41247535e-01  5.64766340e-02
 -1.48930296e-01 -5.76020963e-02 -3.70066196e-01  6.68261051e-01
 -1.35170400e-01 -6.50023967e-02 -2.48712838e-01  1.81811869e-01
 -2.98919231e-01 -2.79036671e-01 -2.12750077e-01  1.00477643e-01
  4.98316586e-01  3.83229524e-01 -1.75492391e-01  1.84170365e-01
  2.00558584e-02 -1.61177710e-01  2.28286535e-01  2.50224710e-01
  2.26768240e-01 -1.11730807e-02 -5.18861711e-01  1.51004326e-02
  8.21350962e-02 -1.60945013e-01 -3.46086144e-01 -1.42688468e-01
  3.01819474e-01  7.01295435e-02 -1.14747323e-01  1.69003978e-01
  9.18814167e-03 -4.10982892e-02 -5.84810041e-02 -2.93292329e-02
 -9.03409533e-03  4.12581205e-01 -4.56889957e-01 -6.54564276e-02
 -7.62441754e-02 -7.32816979e-02 -3.72215062e-01  3.06038052e-01
 -4.54697043e-01  3.12519431e-01 -2.45269477e-01 -5.49641550e-02
  2.53312647e-01  5.66569567e-01  2.29015037e-01 -1.14543423e-01
 -5.76546252e-01  1.16182201e-01  7.67045021e-02  3.51624727e-01
 -7.79714212e-02 -2.72912055e-01 -3.74771923e-01  4.56956983e-01
  3.15425873e-01  1.25166863e-01 -1.59627378e-01  1.45289049e-01
 -3.13350894e-02  1.77134886e-01  1.18523322e-01  9.24396664e-02
  1.76260754e-01 -1.39936641e-01 -5.42855449e-02  7.72198260e-01
 -2.25583717e-01 -1.37065575e-01 -2.44908229e-01 -6.06063187e-01
  2.33406082e-01 -8.50790218e-02  3.50086279e-02 -1.78674996e-01
 -2.26958051e-01 -8.22723359e-02  8.13258663e-02 -8.53038672e-03
  2.30420977e-01 -5.46241581e-01  1.38771415e-01 -1.83188710e-02
 -1.04829080e-01 -9.04123485e-02 -2.79193342e-01  7.91322291e-02
 -2.85966247e-01  4.56958748e-02  7.67696500e-02  8.24191749e-01
 -2.31867418e-01  2.69389391e-01 -4.26676348e-02  2.04162493e-01
  2.29627207e-01  1.45964446e-02 -1.60796821e-01  4.75460678e-01
 -6.67678416e-02  2.06583440e-01 -3.37231494e-02  2.01815322e-01
 -1.38730139e-01 -1.09038102e-02  2.14742735e-01  2.45912716e-01
  4.02833223e-01  8.82747769e-02 -5.23915980e-04 -1.66218624e-01
  1.29074708e-01  1.98693648e-01  4.37864095e-01 -1.98710248e-01
  3.70937288e-01 -1.74678192e-01 -9.65515003e-02  1.18649183e-02
  7.74666667e-02 -1.53016383e-02  6.99002668e-02  4.52461183e-01
 -4.51171398e-03 -9.71588045e-02  1.37724236e-01 -1.01199836e-01
 -2.43684985e-02  9.55412686e-02 -2.48824403e-01  1.34252653e-01
 -2.79546808e-02 -2.47638915e-02  2.44435027e-01 -1.26877546e-01
 -3.67539711e-02  4.38814223e-01 -3.03771824e-01 -2.11485520e-01
 -5.02829611e-01  1.37747884e-01 -2.65368283e-01 -1.11622542e-01
 -3.93609107e-01 -4.88127321e-01  1.78632349e-01 -5.80607474e-01
  9.55627952e-03  3.59502994e-02 -2.98192710e-01 -1.42573968e-01
 -3.96869928e-02  1.17033720e-01  1.01563089e-01 -9.07222927e-02
 -2.16693744e-01 -1.31062165e-01  1.97594129e-02 -3.68468314e-01
 -5.07541418e-01 -2.30650455e-02 -3.72943461e-01  2.21462175e-01
  2.97104716e-01  3.63851905e-01  1.28587708e-02  3.27647924e-01
 -1.00465581e-01  3.30864072e-01 -8.26589242e-02  3.05467278e-01
  2.24004373e-01  1.13368951e-01 -1.89617828e-01 -3.69756308e-04
  1.28474116e-01  9.20715854e-02  6.12247586e-01 -2.70981621e-02
 -2.75699407e-01 -4.90625240e-02 -3.24683726e-01 -2.79809330e-02]"
